{
  "lipid": [
    0.4,
    0.7607843137254902,
    0.6470588235294118
  ],
  "metabolite": [
    0.9882352941176471,
    0.5529411764705883,
    0.3843137254901961
  ],
  "Glycerolipid": [
    0.5803921568627451,
    0.403921568627451,
    0.7411764705882353
  ],
  "Sterol Lipid": [
    0.12156862745098039,
    0.4666666666666667,
    0.7058823529411765
  ],
  "Sphingolipid": [
    1.0,
    0.4980392156862745,
    0.054901960784313725
  ],
  "Phospholipid": [
    0.17254901960784313,
    0.6274509803921569,
    0.17254901960784313
  ],
  "Fatty Acyl": [
    0.8392156862745098,
    0.15294117647058825,
    0.1568627450980392
  ],
  "TG": [
    0.5803921568627451,
    0.403921568627451,
    0.7411764705882353
  ],
  "Alkenyl-DG": [
    0.5803921568627451,
    0.403921568627451,
    0.7411764705882353
  ],
  "AC": [
    0.8392156862745098,
    0.15294117647058825,
    0.1568627450980392
  ],
  "FA": [
    0.8392156862745098,
    0.15294117647058825,
    0.1568627450980392
  ],
  "CE": [
    0.12156862745098039,
    0.4666666666666667,
    0.7058823529411765
  ],
  "SM": [
    1.0,
    0.4980392156862745,
    0.054901960784313725
  ],
  "Cer[NS]": [
    1.0,
    0.4980392156862745,
    0.054901960784313725
  ],
  "HexCer[NS]": [
    1.0,
    0.4980392156862745,
    0.054901960784313725
  ],
  "GlcCer[NDS]": [
    1.0,
    0.4980392156862745,
    0.054901960784313725
  ],
  "Cer[AP]": [
    1.0,
    0.4980392156862745,
    0.054901960784313725
  ],
  "LysoPE": [
    0.17254901960784313,
    0.6274509803921569,
    0.17254901960784313
  ],
  "LysoPC": [
    0.17254901960784313,
    0.6274509803921569,
    0.17254901960784313
  ],
  "PC": [
    0.17254901960784313,
    0.6274509803921569,
    0.17254901960784313
  ],
  "PI": [
    0.17254901960784313,
    0.6274509803921569,
    0.17254901960784313
  ],
  "Plasmenyl-PC": [
    0.17254901960784313,
    0.6274509803921569,
    0.17254901960784313
  ],
  "Plasmanyl-PC": [
    0.17254901960784313,
    0.6274509803921569,
    0.17254901960784313
  ],
  "Plasmenyl-PE": [
    0.17254901960784313,
    0.6274509803921569,
    0.17254901960784313
  ],
  "PE": [
    0.17254901960784313,
    0.6274509803921569,
    0.17254901960784313
  ],
  "Plasmanyl-PE": [
    0.17254901960784313,
    0.6274509803921569,
    0.17254901960784313
  ],
  "Unidentified": [
    0.4980392156862745,
    0.4980392156862745,
    0.4980392156862745
  ],
  "Nitrogen heterocycle": [
    0.3999999999999998,
    0.7607843137254903,
    0.6470588235294119
  ],
  "Amino acid": [
    0.9882352941176471,
    0.5529411764705883,
    0.38431372549019605
  ],
  "Organic acid": [
    0.8980392156862744,
    0.7686274509803921,
    0.5803921568627453
  ],
  "Carbohydrate": [
    0.5529411764705885,
    0.627450980392157,
    0.7960784313725489
  ],
  "Amino acid derivative": [
    0.9058823529411764,
    0.5411764705882354,
    0.7647058823529411
  ],
  "Alcohol": [
    0.6509803921568627,
    0.8470588235294119,
    0.3294117647058823
  ],
  "FBG": [
    0.8705882352941177,
    0.5607843137254902,
    0.0196078431372549
  ],
  "RBG": [
    0.00392156862745098,
    0.45098039215686275,
    0.6980392156862745
  ],
  "Fasted": [
    0.8705882352941177,
    0.5607843137254902,
    0.0196078431372549
  ],
  "non-fasted": [
    0.00392156862745098,
    0.45098039215686275,
    0.6980392156862745
  ],
  "normal": [
    0.00784313725490196,
    0.6196078431372549,
    0.45098039215686275
  ],
  "impaired": [
    0.8,
    0.47058823529411764,
    0.7372549019607844
  ],
  "diabetic": [
    0.8352941176470589,
    0.3686274509803922,
    0.0
  ],
  "1091": [
    0.283072,
    0.130895,
    0.449241
  ],
  "1093": [
    0.262138,
    0.242286,
    0.520837
  ],
  "1092": [
    0.220057,
    0.343307,
    0.549413
  ],
  "1074": [
    0.177423,
    0.437527,
    0.557565
  ],
  "1062": [
    0.143343,
    0.522773,
    0.556295
  ],
  "1102": [
    0.119512,
    0.607464,
    0.540218
  ],
  "1060": [
    0.166383,
    0.690856,
    0.496502
  ],
  "1101": [
    0.319809,
    0.770914,
    0.411152
  ],
  "1082": [
    0.525776,
    0.833491,
    0.288127
  ],
  "1076": [
    0.762373,
    0.876424,
    0.137064
  ],
  "1091.0": [
    0.283072,
    0.130895,
    0.449241
  ],
  "1093.0": [
    0.262138,
    0.242286,
    0.520837
  ],
  "1092.0": [
    0.220057,
    0.343307,
    0.549413
  ],
  "1074.0": [
    0.177423,
    0.437527,
    0.557565
  ],
  "1062.0": [
    0.143343,
    0.522773,
    0.556295
  ],
  "1102.0": [
    0.119512,
    0.607464,
    0.540218
  ],
  "1060.0": [
    0.166383,
    0.690856,
    0.496502
  ],
  "1101.0": [
    0.319809,
    0.770914,
    0.411152
  ],
  "1082.0": [
    0.525776,
    0.833491,
    0.288127
  ],
  "1076.0": [
    0.762373,
    0.876424,
    0.137064
  ]
}