{
  "lipid": [
    0.4,
    0.7607843137254902,
    0.6470588235294118
  ],
  "metabolite": [
    0.9882352941176471,
    0.5529411764705883,
    0.3843137254901961
  ],
  "Glycerolipid": [
    0.6875,
    0.4765625,
    0.6328125
  ],
  "Sterol Lipid": [
    0.3046875,
    0.47265625,
    0.65234375
  ],
  "Sphingolipid": [
    0.9453125,
    0.5546875,
    0.16796875
  ],
  "Phospholipid": [
    0.34765625,
    0.62890625,
    0.3046875
  ],
  "Fatty Acyl": [
    0.87890625,
    0.33984375,
    0.34765625
  ],
  "TG": [
    0.6875,
    0.4765625,
    0.6328125
  ],
  "DG": [
    0.6875,
    0.4765625,
    0.6328125
  ],
  "Alkenyl-DG": [
    0.6875,
    0.4765625,
    0.6328125
  ],
  "AC": [
    0.87890625,
    0.33984375,
    0.34765625
  ],
  "FA": [
    0.87890625,
    0.33984375,
    0.34765625
  ],
  "CE": [
    0.3046875,
    0.47265625,
    0.65234375
  ],
  "SM": [
    0.9453125,
    0.5546875,
    0.16796875
  ],
  "Cer[NS]": [
    0.9453125,
    0.5546875,
    0.16796875
  ],
  "HexCer[NS]": [
    0.9453125,
    0.5546875,
    0.16796875
  ],
  "GlcCer[NDS]": [
    0.9453125,
    0.5546875,
    0.16796875
  ],
  "Cer[AP]": [
    0.9453125,
    0.5546875,
    0.16796875
  ],
  "LysoPE": [
    0.34765625,
    0.62890625,
    0.3046875
  ],
  "LysoPC": [
    0.34765625,
    0.62890625,
    0.3046875
  ],
  "LysoPI": [
    0.34765625,
    0.62890625,
    0.3046875
  ],
  "LysoPS": [
    0.34765625,
    0.62890625,
    0.3046875
  ],
  "PC": [
    0.34765625,
    0.62890625,
    0.3046875
  ],
  "PE": [
    0.34765625,
    0.62890625,
    0.3046875
  ],
  "PI": [
    0.34765625,
    0.62890625,
    0.3046875
  ],
  "PS": [
    0.34765625,
    0.62890625,
    0.3046875
  ],
  "PG": [
    0.34765625,
    0.62890625,
    0.3046875
  ],
  "Plasmenyl-PC": [
    0.34765625,
    0.62890625,
    0.3046875
  ],
  "Plasmanyl-PC": [
    0.34765625,
    0.62890625,
    0.3046875
  ],
  "Plasmenyl-PE": [
    0.34765625,
    0.62890625,
    0.3046875
  ],
  "Plasmanyl-PE": [
    0.34765625,
    0.62890625,
    0.3046875
  ],
  "Unidentified": [
    0.7265625,
    0.6875,
    0.671875
  ],
  "Nitrogen heterocycle": [
    0.3999999999999998,
    0.7607843137254903,
    0.6470588235294119
  ],
  "Amino acid": [
    0.9882352941176471,
    0.5529411764705883,
    0.38431372549019605
  ],
  "Organic acid": [
    0.8980392156862744,
    0.7686274509803921,
    0.5803921568627453
  ],
  "Carbohydrate": [
    0.5529411764705885,
    0.627450980392157,
    0.7960784313725489
  ],
  "Amino acid derivative": [
    0.9058823529411764,
    0.5411764705882354,
    0.7647058823529411
  ],
  "Alcohol": [
    0.6509803921568627,
    0.8470588235294119,
    0.3294117647058823
  ],
  "M": [
    0.2890625,
    0.484375,
    0.34765625
  ],
  "Male": [
    0.2890625,
    0.484375,
    0.34765625
  ],
  "F": [
    0.50390625,
    0.2109375,
    0.30078125
  ],
  "Female": [
    0.50390625,
    0.2109375,
    0.30078125
  ],
  "FBG": [
    0.7578125,
    0.4765625,
    0.32421875
  ],
  "fasted": [
    0.7578125,
    0.4765625,
    0.32421875
  ],
  "Fasted": [
    0.7578125,
    0.4765625,
    0.32421875
  ],
  "RBG": [
    0.41796875,
    0.42578125,
    0.546875
  ],
  "Non-fasted": [
    0.41796875,
    0.42578125,
    0.546875
  ],
  "Nonfasted": [
    0.41796875,
    0.42578125,
    0.546875
  ],
  "Fed": [
    0.41796875,
    0.42578125,
    0.546875
  ],
  "normal": [
    0.00784313725490196,
    0.6196078431372549,
    0.45098039215686275
  ],
  "impaired": [
    0.8,
    0.47058823529411764,
    0.7372549019607844
  ],
  "diabetic": [
    0.8352941176470589,
    0.3686274509803922,
    0.0
  ],
  "1091": [
    0.283072,
    0.130895,
    0.449241
  ],
  "1093": [
    0.262138,
    0.242286,
    0.520837
  ],
  "1092": [
    0.220057,
    0.343307,
    0.549413
  ],
  "1074": [
    0.177423,
    0.437527,
    0.557565
  ],
  "1062": [
    0.143343,
    0.522773,
    0.556295
  ],
  "1102": [
    0.119512,
    0.607464,
    0.540218
  ],
  "1060": [
    0.166383,
    0.690856,
    0.496502
  ],
  "1101": [
    0.319809,
    0.770914,
    0.411152
  ],
  "1082": [
    0.525776,
    0.833491,
    0.288127
  ],
  "1076": [
    0.762373,
    0.876424,
    0.137064
  ],
  "1091.0": [
    0.283072,
    0.130895,
    0.449241
  ],
  "1093.0": [
    0.262138,
    0.242286,
    0.520837
  ],
  "1092.0": [
    0.220057,
    0.343307,
    0.549413
  ],
  "1074.0": [
    0.177423,
    0.437527,
    0.557565
  ],
  "1062.0": [
    0.143343,
    0.522773,
    0.556295
  ],
  "1102.0": [
    0.119512,
    0.607464,
    0.540218
  ],
  "1060.0": [
    0.166383,
    0.690856,
    0.496502
  ],
  "1101.0": [
    0.319809,
    0.770914,
    0.411152
  ],
  "1082.0": [
    0.525776,
    0.833491,
    0.288127
  ],
  "1076.0": [
    0.762373,
    0.876424,
    0.137064
  ],
  "ratA": [
    0.283072,
    0.130895,
    0.449241
  ],
  "ratB": [
    0.262138,
    0.242286,
    0.520837
  ],
  "ratC": [
    0.220057,
    0.343307,
    0.549413
  ],
  "ratD": [
    0.177423,
    0.437527,
    0.557565
  ],
  "ratE": [
    0.143343,
    0.522773,
    0.556295
  ],
  "ratF": [
    0.119512,
    0.607464,
    0.540218
  ],
  "ratG": [
    0.166383,
    0.690856,
    0.496502
  ],
  "ratH": [
    0.319809,
    0.770914,
    0.411152
  ],
  "ratI": [
    0.525776,
    0.833491,
    0.288127
  ],
  "ratJ": [
    0.762373,
    0.876424,
    0.137064
  ]
}