{"lipid": [0.4, 0.7607843137254902, 0.6470588235294118], "metabolite": [0.9882352941176471, 0.5529411764705883, 0.3843137254901961], "FBG": [0.8705882352941177, 0.5607843137254902, 0.0196078431372549], "RBG": [0.00392156862745098, 0.45098039215686275, 0.6980392156862745], "normal": [0.8, 0.47058823529411764, 0.7372549019607844], "impaired": [0.00784313725490196, 0.6196078431372549, 0.45098039215686275], "diabetic": [0.8352941176470589, 0.3686274509803922, 0.0], "Glycerolipid": [0.5803921568627451, 0.403921568627451, 0.7411764705882353], "Fatty Acyl": [0.8392156862745098, 0.15294117647058825, 0.1568627450980392], "Sterol Lipid": [0.12156862745098039, 0.4666666666666667, 0.7058823529411765], "Sphingolipid": [1.0, 0.4980392156862745, 0.054901960784313725], "Phospholipid": [0.17254901960784313, 0.6274509803921569, 0.17254901960784313], "Carboxylic Acid": [0.5490196078431373, 0.33725490196078434, 0.29411764705882354], "Amino Acid": [0.8901960784313725, 0.4666666666666667, 0.7607843137254902], "Amine": [0.7372549019607844, 0.7411764705882353, 0.13333333333333333], "Other Metabolite": [0.5965991810912237, 0.207212956082026, 0.3125852303112123], "Unidentified": [0.4980392156862745, 0.4980392156862745, 0.4980392156862745]}