{"TG": [[0.5803921568627451, 0.403921568627451, 0.7411764705882353], "Glycerolipid"], "Alkenyl-DG": [[0.5803921568627451, 0.403921568627451, 0.7411764705882353], "Glycerolipid"], "AC": [[0.8392156862745098, 0.15294117647058825, 0.1568627450980392], "Fatty Acyl"], "FA": [[0.8392156862745098, 0.15294117647058825, 0.1568627450980392], "Fatty Acyl"], "CE": [[0.12156862745098039, 0.4666666666666667, 0.7058823529411765], "Sterol Lipid"], "SM": [[1.0, 0.4980392156862745, 0.054901960784313725], "Sphingolipid"], "Cer[NS]": [[1.0, 0.4980392156862745, 0.054901960784313725], "Sphingolipid"], "LysoPE": [[0.17254901960784313, 0.6274509803921569, 0.17254901960784313], "Phospholipid"], "LysoPC": [[0.17254901960784313, 0.6274509803921569, 0.17254901960784313], "Phospholipid"], "PC": [[0.17254901960784313, 0.6274509803921569, 0.17254901960784313], "Phospholipid"], "PI": [[0.17254901960784313, 0.6274509803921569, 0.17254901960784313], "Phospholipid"], "Plasmenyl-PC": [[0.17254901960784313, 0.6274509803921569, 0.17254901960784313], "Phospholipid"], "Plasmanyl-PC": [[0.17254901960784313, 0.6274509803921569, 0.17254901960784313], "Phospholipid"], "Plasmenyl-PE": [[0.17254901960784313, 0.6274509803921569, 0.17254901960784313], "Phospholipid"], "PE": [[0.17254901960784313, 0.6274509803921569, 0.17254901960784313], "Phospholipid"], "Plasmanyl-PE": [[0.17254901960784313, 0.6274509803921569, 0.17254901960784313], "Phospholipid"], "CA": [[0.5490196078431373, 0.33725490196078434, 0.29411764705882354], "Carboxylic Acid"], "AA": [[0.8901960784313725, 0.4666666666666667, 0.7607843137254902], "Amino Acid"], "amine": [[0.7372549019607844, 0.7411764705882353, 0.13333333333333333], "Amine/Amide/Ammonium/N-heterocycle"], "TAA": [[0.7372549019607844, 0.7411764705882353, 0.13333333333333333], "Amine/Amide/Ammonium/N-heterocycle"], "lactam": [[0.7372549019607844, 0.7411764705882353, 0.13333333333333333], "Amine/Amide/Ammonium/N-heterocycle"], "niacin": [[0.7372549019607844, 0.7411764705882353, 0.13333333333333333], "Amine/Amide/Ammonium/N-heterocycle"], "purine": [[0.7372549019607844, 0.7411764705882353, 0.13333333333333333], "Amine/Amide/Ammonium/N-heterocycle"], "amide": [[0.7372549019607844, 0.7411764705882353, 0.13333333333333333], "Amine/Amide/Ammonium/N-heterocycle"], "plasticizer": [[0.5965991810912237, 0.207212956082026, 0.3125852303112123], "Other Metabolite"], "coumarin": [[0.5965991810912237, 0.207212956082026, 0.3125852303112123], "Other Metabolite"], "sugar": [[0.5965991810912237, 0.207212956082026, 0.3125852303112123], "Other Metabolite"], "chromenone": [[0.5965991810912237, 0.207212956082026, 0.3125852303112123], "Other Metabolite"], "other": [[0.5965991810912237, 0.207212956082026, 0.3125852303112123], "Other Metabolite"], "unknown": [[0.4980392156862745, 0.4980392156862745, 0.4980392156862745], "Unidentified"]}